round,clip,frames,go_cold_ms,go_payload_ms,go_warm_ms,dav1d_cold_ms
1,p144_inter_q20,48,49.518209,50.088916,47.5115,10.033
1,p144_inter_q32,48,34.486333,39.03125,36.019833,7.576
1,p144_inter_q55,48,21.8895,22.6955,20.653125,4.562
1,p144_intra_q32,48,37.323542,37.844125,33.486208,9.416
1,p288_inter_q20,48,96.6815,97.794417,98.138041,23.649
1,p288_inter_q32,48,85.8155,85.225583,83.234625,19.736
1,p288_inter_q55,48,53.256333,54.550208,51.7965,13.012
1,p288_intra_q32,48,78.032875,75.626291,73.148917,24.421
1,p360_inter_q20,48,139.606709,140.086209,138.385167,35.613
1,p360_inter_q32,48,117.4885,118.1255,114.958417,27.722
1,p360_inter_q32_10bit,48,125.070417,122.402,116.107208,29.724
1,p360_inter_q32_2tiles,48,131.045333,132.423042,131.814125,27.968
1,p360_inter_q55,48,73.867625,76.601291,72.886166,18.722
1,p360_intra_q32,48,96.595708,96.490958,93.896,30.449
1,p720_inter_q20,48,297.7105,294.852416,288.761,91.446
1,p720_inter_q32,48,236.22525,220.589416,223.649458,75.76
1,p720_inter_q32_2tiles,48,254.359792,263.418042,266.398,74.529
1,p720_inter_q55,48,156.7175,157.714125,156.017458,46.69
2,p144_inter_q20,48,47.959833,49.812583,47.168708,11.065
2,p144_inter_q32,48,41.138958,39.867709,37.218666,8.857
2,p144_inter_q55,48,22.682416,23.282916,18.538792,4.486
2,p144_intra_q32,48,38.28775,37.319583,36.469333,11.052
2,p288_inter_q20,48,98.852209,98.954625,96.73375,27.932
2,p288_inter_q32,48,84.147959,84.705792,83.714667,22.626
2,p288_inter_q55,48,57.664667,55.338709,52.184,14.968
2,p288_intra_q32,48,82.301958,82.21375,79.355334,27.524
2,p360_inter_q20,48,143.208333,146.399958,142.719375,38.494
2,p360_inter_q32,48,122.253209,122.529167,117.929708,31.143
2,p360_inter_q32_10bit,48,123.610667,124.007625,122.421042,33.302
2,p360_inter_q32_2tiles,48,146.281041,144.178542,136.608958,31.353
2,p360_inter_q55,48,76.097958,76.864292,75.37075,21.375
2,p360_intra_q32,48,99.511875,98.731416,96.94175,32.928
2,p720_inter_q20,48,301.584625,307.372791,311.295083,89.614
2,p720_inter_q32,48,262.236875,256.857125,233.793292,72.098
2,p720_inter_q32_2tiles,48,261.985167,266.708417,266.624125,72.787
2,p720_inter_q55,48,163.294375,167.0085,165.624542,45.398
