round,clip,width,height,frames,fps,encoder,target_bps,actual_bps,encode_fps,encode_wall_sec,cpu_user_sec,cpu_system_sec,cpu_total_sec,observed_parallelism,bytes,psnr_avg,ssim_all,xpsnr_y,vmaf,status,error
1,FourPeople_720p120,1280,720,120,60,goav1,3000000,2996088,75.98,1.579,1.555,0.022,1.577,1.00,749022,43.6694,0.9841,37.2658,NA,ok,
1,FourPeople_720p120,1280,720,120,60,svt-av1,3000000,3018872,369.00,0.325,0.277,0.048,0.325,1.00,754718,43.4732,0.9853,36.1678,NA,ok,
1,FourPeople_720p120,1280,720,120,60,svt-av1,6000000,6001972,285.75,0.420,0.366,0.052,0.418,1.00,1500493,45.2783,0.9887,37.6078,NA,ok,
1,FourPeople_720p120,1280,720,120,60,goav1,6000000,6000128,77.16,1.555,1.520,0.020,1.540,0.99,1500032,45.4854,0.9868,39.0182,NA,ok,
1,FourPeople_720p120,1280,720,120,60,goav1,9000000,9003324,70.85,1.694,1.672,0.021,1.692,1.00,2250831,46.3141,0.9877,39.9522,NA,ok,
1,FourPeople_720p120,1280,720,120,60,svt-av1,9000000,8807416,257.42,0.466,0.418,0.048,0.466,1.00,2201854,45.9792,0.9898,38.0759,NA,ok,
1,FourPeople_720p120,1280,720,120,60,svt-av1,12000000,11485512,231.95,0.517,0.465,0.051,0.516,1.00,2871378,46.4360,0.9903,38.3568,NA,ok,
1,FourPeople_720p120,1280,720,120,60,goav1,12000000,12050260,65.35,1.836,1.813,0.021,1.834,1.00,3012565,47.0016,0.9890,40.6285,NA,ok,
1,Johnny_720p120,1280,720,120,60,goav1,3000000,2987608,72.40,1.658,1.633,0.022,1.655,1.00,746902,45.2945,0.9863,37.9731,NA,ok,
1,Johnny_720p120,1280,720,120,60,svt-av1,3000000,2909488,308.80,0.389,0.321,0.068,0.389,1.00,727372,44.7765,0.9866,37.2895,NA,ok,
1,Johnny_720p120,1280,720,120,60,svt-av1,6000000,5909240,252.56,0.475,0.409,0.067,0.476,1.00,1477310,46.2228,0.9896,38.3738,NA,ok,
1,Johnny_720p120,1280,720,120,60,goav1,6000000,5975948,65.80,1.824,1.796,0.025,1.821,1.00,1493987,46.9032,0.9890,39.2610,NA,ok,
1,Johnny_720p120,1280,720,120,60,goav1,9000000,9012008,60.38,1.988,1.957,0.024,1.981,1.00,2253002,47.7472,0.9901,40.0056,NA,ok,
1,Johnny_720p120,1280,720,120,60,svt-av1,9000000,8702672,220.51,0.544,0.478,0.066,0.545,1.00,2175668,46.8638,0.9907,38.6611,NA,ok,
1,Johnny_720p120,1280,720,120,60,svt-av1,12000000,11334256,193.00,0.622,0.550,0.072,0.622,1.00,2833564,47.2124,0.9912,38.7323,NA,ok,
1,Johnny_720p120,1280,720,120,60,goav1,12000000,12044856,56.07,2.140,2.113,0.025,2.138,1.00,3011214,48.4096,0.9911,40.6535,NA,ok,
2,FourPeople_720p120,1280,720,120,60,goav1,3000000,2996088,78.58,1.527,1.500,0.021,1.522,1.00,749022,43.6694,0.9841,37.2658,NA,ok,
2,FourPeople_720p120,1280,720,120,60,svt-av1,3000000,3018872,317.73,0.378,0.307,0.061,0.368,0.98,754718,43.4732,0.9853,36.1678,NA,ok,
2,FourPeople_720p120,1280,720,120,60,svt-av1,6000000,6001972,259.90,0.462,0.394,0.064,0.459,0.99,1500493,45.2783,0.9887,37.6078,NA,ok,
2,FourPeople_720p120,1280,720,120,60,goav1,6000000,6000128,69.76,1.720,1.690,0.024,1.714,1.00,1500032,45.4854,0.9868,39.0182,NA,ok,
2,FourPeople_720p120,1280,720,120,60,goav1,9000000,9003324,62.74,1.913,1.879,0.024,1.904,1.00,2250831,46.3141,0.9877,39.9522,NA,ok,
2,FourPeople_720p120,1280,720,120,60,svt-av1,9000000,8807416,220.22,0.545,0.470,0.069,0.539,0.99,2201854,45.9792,0.9898,38.0759,NA,ok,
2,FourPeople_720p120,1280,720,120,60,svt-av1,12000000,11485512,204.91,0.586,0.515,0.067,0.582,0.99,2871378,46.4360,0.9903,38.3568,NA,ok,
2,FourPeople_720p120,1280,720,120,60,goav1,12000000,12050260,58.11,2.065,2.027,0.023,2.050,0.99,3012565,47.0016,0.9890,40.6285,NA,ok,
2,Johnny_720p120,1280,720,120,60,goav1,3000000,2987608,75.09,1.598,1.565,0.023,1.588,0.99,746902,45.2945,0.9863,37.9731,NA,ok,
2,Johnny_720p120,1280,720,120,60,svt-av1,3000000,2909488,319.74,0.375,0.311,0.063,0.374,1.00,727372,44.7765,0.9866,37.2895,NA,ok,
2,Johnny_720p120,1280,720,120,60,svt-av1,6000000,5909240,249.51,0.481,0.411,0.067,0.478,0.99,1477310,46.2228,0.9896,38.3738,NA,ok,
2,Johnny_720p120,1280,720,120,60,goav1,6000000,5975948,66.47,1.805,1.771,0.023,1.795,0.99,1493987,46.9032,0.9890,39.2610,NA,ok,
2,Johnny_720p120,1280,720,120,60,goav1,9000000,9012008,60.20,1.993,1.966,0.023,1.989,1.00,2253002,47.7472,0.9901,40.0056,NA,ok,
2,Johnny_720p120,1280,720,120,60,svt-av1,9000000,8702672,212.22,0.565,0.490,0.073,0.563,0.99,2175668,46.8638,0.9907,38.6611,NA,ok,
2,Johnny_720p120,1280,720,120,60,svt-av1,12000000,11334256,191.70,0.626,0.546,0.076,0.622,0.99,2833564,47.2124,0.9912,38.7323,NA,ok,
2,Johnny_720p120,1280,720,120,60,goav1,12000000,12044856,56.07,2.140,2.110,0.025,2.135,1.00,3011214,48.4096,0.9911,40.6535,NA,ok,
